
insert into city(id, name, country) values(1, 'Hyderabad', 'India');
insert into city(id, name, country) values(2, 'Bangalore', 'Argentinq');
insert into city(id, name, country) values(3, 'Chennai', 'Tamilnadu');
insert into city(id, name, country) values(4, 'Mumbai', 'Bolivia');
insert into city(id, name, country) values(5, 'Delhi', 'Brazil');


insert into user_details(id, birth_date, name, city_id) values(10001, current_date(), 'Ranga', 3);
insert into user_details(id, birth_date, name, city_id) values(10002, current_date(), 'Ravi', 4);
insert into user_details(id, birth_date, name, city_id) values(10003, current_date(), 'Satish', 2);
insert into user_details(id, birth_date, name, city_id) values(10004, current_date(), 'Raghu', 1);
insert into user_details(id, birth_date, name, city_id) values(10005, current_date(), 'Rahul', 2);
insert into user_details(id, birth_date, name, city_id) values(10006, current_date(), 'Rajesh', 3);
insert into user_details(id, birth_date, name, city_id) values(10007, current_date(), 'Ramesh', 1);
insert into user_details(id, birth_date, name, city_id) values(10008, current_date(), 'Rakesh', 5);
insert into user_details(id, birth_date, name, city_id) values(10009, current_date(), 'Raj', 5);


insert into post(id, description, user_id) values(1001, 'I want to learn AWS', 10001);
insert into post(id, description, user_id) values(2001, 'I want to learn Azure', 10001);
insert into post(id, description, user_id) values(3002, 'I want to learn GCP', 10001);
insert into post(id, description, user_id) values(4003, 'I want to learn Java', 10002);
insert into post(id, description, user_id) values(5004, 'I want to learn Spring', 10003);
insert into post(id, description, user_id) values(6005, 'I want to learn Spring Boot', 10004);
insert into post(id, description, user_id) values(7004, 'I want to learn Spring Cloud', 10004);
insert into post(id, description, user_id) values(8004, 'I want to learn Spring Data', 10005);






